{
  "original_filename": "FOI_Thurrock_2025.pdf",
  "original_path": "/home/obinexus/obinexus/workspace/auraseal514/v0.1/FOI_Thurrock_2025.pdf",
  "created_at": "2025-10-07T10:13:26.303833Z",
  "author_email": "obinexus@tuta.com",
  "recipient_email": "information.matters@thurrock.gov.uk",
  "public_keys": {
    "pub1": "0253db39ef86140e93c611223c120428aad709061b57a836f4f683aa541895d8",
    "pub2": "2e8cf35821b8a562541988f5b7b7bf531b695e069439df991b86ee777f4949af"
  },
  "auraseal_version": "0.0.1",
  "notes": "v0.0.01 POC aura seal",
  "_auraseal_signature": "6f5731a53986b185a358516c2643fedf4acc06d3b1f6462fb929b6c98a885a0eee6bfaf04d419abfd136f115232989733e9bad904a64a3bade8dba09f28c8211",
  "_auraseal_private_key_fingerprint": "1f993e6026dc9cd9"
}