{
  "original_filename": "FOI_Thurrock_2025.md",
  "original_path": "/home/obinexus/obinexus/workspace/auraseal514/v0.1/FOI_Thurrock_2025.md",
  "created_at": "2025-10-07T10:09:04.809310Z",
  "author_email": "obinexus@tuta.com",
  "recipient_email": "information.matters@thurrock.gov.uk",
  "public_keys": {
    "pub1": "0253db39ef86140e93c611223c120428aad709061b57a836f4f683aa541895d8",
    "pub2": "2e8cf35821b8a562541988f5b7b7bf531b695e069439df991b86ee777f4949af"
  },
  "auraseal_version": "0.0.1",
  "notes": "v0.0.01 POC aura seal",
  "_auraseal_signature": "95dbd9814a8246f4db0a6d871b69e7d8e77831c8220bf0d5552df5749c750317d592204af9e0734781f3d1937fab5c8ab7989fd902467bbd1e0ca0dde66943c3",
  "_auraseal_private_key_fingerprint": "1f993e6026dc9cd9"
}