{
  "original_filename": "FOI_Thurrock_2025.pdf",
  "original_path": "/home/obinexus/obinexus/workspace/auraseal514/v0.1/FOI_Thurrock_2025.pdf",
  "created_at": "2025-10-07T10:11:49.406493Z",
  "author_email": "obinexus@tuta.com",
  "recipient_email": "information.matters@thurrock.gov.uk",
  "public_keys": {
    "pub1": "0253db39ef86140e93c611223c120428aad709061b57a836f4f683aa541895d8",
    "pub2": "2e8cf35821b8a562541988f5b7b7bf531b695e069439df991b86ee777f4949af"
  },
  "auraseal_version": "0.0.1",
  "notes": "v0.0.01 POC aura seal",
  "_auraseal_signature": "452db4259a8ea01f1de8d1f412a89e0fbe0543db3da6972c9276f972aca05a0db334b68e323143a334d5257df62150eeab7e0416849074c2923ef14f05ae7ed4",
  "_auraseal_private_key_fingerprint": "1f993e6026dc9cd9"
}