{
  "original_filename": "FOI_Thurrock_2025.pdf",
  "original_path": "/home/obinexus/obinexus/workspace/auraseal514/v0.1/FOI_Thurrock_2025.pdf",
  "created_at": "2025-10-07T10:14:34.702559Z",
  "author_email": "obinexus@tuta.com",
  "recipient_email": "information.matters@thurrock.gov.uk",
  "public_keys": {
    "pub1": "0253db39ef86140e93c611223c120428aad709061b57a836f4f683aa541895d8",
    "pub2": "2e8cf35821b8a562541988f5b7b7bf531b695e069439df991b86ee777f4949af"
  },
  "auraseal_version": "0.0.1",
  "notes": "v0.0.01 POC aura seal",
  "_auraseal_signature": "979c79434efc2f12ae53ba8bcc06888ec63564f11ea49bfe73aeb51d8820fc0adb40bb8cab7eb22698a19240d1dc4479acc127717fa44a57a3f9b2d271517637",
  "_auraseal_private_key_fingerprint": "1f993e6026dc9cd9"
}