{
  "original_filename": "FOI_Thurrock_2025.md",
  "original_path": "/home/obinexus/obinexus/workspace/auraseal514/v0.1/FOI_Thurrock_2025.md",
  "created_at": "2025-10-07T10:08:12.482716Z",
  "author_email": "obinexus@tuta.com",
  "recipient_email": "information.matters@thurrock.gov.uk",
  "public_keys": {
    "pub1": "0253db39ef86140e93c611223c120428aad709061b57a836f4f683aa541895d8",
    "pub2": "2e8cf35821b8a562541988f5b7b7bf531b695e069439df991b86ee777f4949af"
  },
  "auraseal_version": "0.0.1",
  "notes": "v0.0.01 POC aura seal",
  "_auraseal_signature": "8061a99525d54a17fecb2399f7b8cf12c30248709e508749c7cabd9b6aaf103bb743e26de06beaf1072e771d2594556a7b3d6bc2ce5241edfe854939d86e39c4",
  "_auraseal_private_key_fingerprint": "1f993e6026dc9cd9"
}